0.65,0.1,0.829971,-1.17314e-09,7.82528e-10,-4.75328e-11,0.946327,0.274702,0.826896,2.26119e-06,0.0387728,-0.565658,0.8449,0.101267,0.138625,-3.14037,-0.0010895,3.13822,0.8449,0.101267,0.138625,-3.14037,-0.0010895,3.13822,0.805521,0.0652168,0.100793,-3.14145,-0.0001577,3.14143,0.763626,0.0317301,0.0625976,-3.13814,-0.00077937,3.13744,0.728291,-0.00711385,0.0261418,-3.1415,0.000799742,-3.14121,0.652389,0.0158075,-0.0800012,-3.13173,-3.17552e-06,3.14159,0.650003,0.144973,-0.0999341,-3.14153,8.51243e-05,-3.14156,
0.65,0.1,0.829971,-1.29913e-09,5.31942e-10,2.61383e-10,0.633052,-0.177822,0.82585,-0.00377828,0.0135126,-0.358442,0.848114,0.100451,0.139576,3.14132,-1.56529e-05,3.14143,0.848114,0.100451,0.139576,3.14132,-1.56529e-05,3.14143,0.805963,0.142518,0.101983,-3.14074,0.00348062,3.13507,0.768375,0.172187,0.0643445,-3.1414,0.000902911,-3.14131,0.729081,0.208768,0.0270293,-3.14094,0.000988596,3.14106,0.689491,0.244107,-0.0120933,3.14154,-6.22255e-05,3.14139,0.653691,0.278007,-0.049952,-3.14157,0.00953224,-3.13644,0.653691,0.278007,-0.049952,-3.14157,0.00953224,-3.13644,0.653725,0.247897,-0.0599505,-3.14157,0.00961999,-3.13616,0.653778,0.217817,-0.069949,-3.14156,0.00975817,-3.13595,0.650124,0.188256,-0.075839,-3.13514,0.00802614,-3.1386,0.645097,0.156653,-0.0871578,-3.13693,0.00471578,3.14058,0.649787,0.0548301,-0.0996807,-3.14122,3.90622e-06,-3.14037,
0.65,0.1,0.829971,-1.30515e-09,4.94108e-10,7.86055e-12,0.350182,0.106193,0.825467,-0.00939171,-4.32354e-09,0.25367,0.844254,0.102656,0.139145,3.14135,0.0017846,3.13699,0.844243,0.102618,0.139145,3.1413,0.0017829,3.13695,0.837587,0.100973,0.101625,3.14078,-0.000876895,-3.13697,0.837392,0.102514,0.0637857,3.14144,0.000346246,3.14108,0.83227,0.104403,0.027068,3.14114,0.00137492,3.13962,0.825989,0.108713,-0.00824073,3.14051,0.00336651,3.13654,0.828602,0.100025,-0.0499653,-3.14132,0.000461309,3.14146,0.828602,0.100025,-0.0499653,-3.14132,0.000461309,3.14146,0.79623,0.0992872,-0.0597529,-3.1396,0.00145233,-3.1414,0.769438,0.100834,-0.0697703,3.1413,-0.000493099,3.14102,0.736554,0.103368,-0.0783967,3.13807,-0.00429592,3.13845,0.706064,0.103555,-0.0880563,3.13743,-0.00455298,3.13812,0.602717,0.104237,-0.0975844,3.14101,-0.00440822,3.13643,
0.65,0.1,0.829971,-1.3063e-09,5.11486e-10,8.74389e-11,1.03954,0.0662287,0.828032,-1.69243,-1.51493,-0.382867,0.847312,0.10051,0.139389,3.14135,5.8553e-05,3.14156,0.847312,0.10051,0.139389,3.14135,5.8553e-05,3.14156,0.771469,0.100608,0.101515,3.14147,0.00053755,3.14097,0.696292,0.100263,0.0641058,-3.1412,0.000492148,-3.14136,0.620942,0.100259,0.0258095,3.14142,0.000206585,3.14145,0.547132,0.0963588,-0.0120704,-3.14157,0.00431142,-3.13192,0.471045,0.0965956,-0.0499598,-3.14158,0.00269927,-3.1328,0.471045,0.0965956,-0.0499598,-3.14158,0.00269925,-3.1328,0.501639,0.0962323,-0.0599492,-3.14157,0.00423242,-3.13186,0.531698,0.0988079,-0.0687536,3.14149,0.00595813,-3.13722,0.562806,0.0962876,-0.07994,-3.14156,0.00724729,-3.132,0.593846,0.0961548,-0.0899206,-3.14154,0.00993373,-3.13166,0.69487,0.100089,-0.10006,-3.14158,5.40497e-05,3.14139,
0.65,0.1,0.829971,-1.21009e-09,4.94574e-10,2.89695e-10,0.668146,0.281252,0.826456,0.0295607,-3.15578e-10,-0.104199,0.810348,0.219645,0.140566,-3.14056,0.000264767,3.1407,0.810348,0.219645,0.140566,-3.14056,0.000264767,3.1407,0.778515,0.159585,0.10262,-3.14138,0.00110196,-3.14089,0.745959,0.100204,0.0663039,-3.13915,0.00407486,-3.13818,0.709819,0.0464233,0.0325362,-3.1336,0.00384758,-3.14079,0.68168,-0.0196379,-0.0120978,-3.14119,0.000808384,3.14104,0.648245,-0.0792889,-0.0503247,-3.13984,0.0017742,3.14105,0.648245,-0.0792889,-0.0503247,-3.13984,0.0017742,3.14105,0.648146,-0.0496994,-0.0602175,-3.13991,0.00117345,3.14118,0.64802,-0.0200944,-0.0700802,-3.13999,0.00062317,3.14139,0.647666,0.00876907,-0.0794702,-3.13999,-0.000403857,-3.1402,0.647328,0.0372197,-0.0885785,-3.14011,-0.00125777,-3.13769,0.648747,0.140793,-0.0977189,-3.14089,0.00178398,-3.13568,
0.65,0.1,0.829971,-1.20465e-09,4.52274e-10,1.318e-11,0.64166,-0.13255,0.82542,-0.0084969,-3.25955e-10,0.109393,0.810595,0.218928,0.140106,-3.1411,0.00111426,3.13991,0.810595,0.218928,0.140106,-3.1411,0.00111426,3.13991,0.781227,0.229911,0.102302,-3.14137,0.00748022,-3.13803,0.750045,0.241436,0.0641115,-3.14157,0.00954836,-3.13659,0.717975,0.253457,0.0260936,-3.14156,0.00966782,-3.1361,0.685806,0.265673,-0.0119289,-3.14157,0.00952925,-3.13612,0.653678,0.278008,-0.0499225,-3.14159,0.00951606,-3.13644,0.653678,0.278008,-0.0499225,-3.14159,0.0095166,-3.13644,0.649838,0.251273,-0.0589897,-3.14158,0.0041129,3.13808,0.649611,0.220549,-0.069436,-3.14151,0.00332583,3.13893,0.649417,0.189412,-0.0794928,-3.14139,0.00280085,3.14084,0.64896,0.157875,-0.0890289,-3.14121,0.00179296,-3.13954,0.646714,0.0506288,-0.097731,-3.14026,-0.00247842,-3.13524,
0.65,0.1,0.829971,-1.20716e-09,4.96303e-10,-4.63799e-12,0.438841,0.131285,0.825001,8.30919e-06,2.28593e-06,0.626326,0.810861,0.218458,0.139851,-3.14121,0.00061714,3.14056,0.810861,0.218458,0.139851,-3.14121,0.00061714,3.14056,0.813217,0.19424,0.101828,3.14074,8.77301e-06,-3.14117,0.812558,0.168988,0.0638203,3.13813,3.25061e-05,-3.13963,0.821767,0.147605,0.0260769,3.14153,0.000233364,-3.14154,0.824412,0.124184,-0.0114954,3.14139,0.000638486,-3.14109,0.825871,0.100711,-0.0484701,3.14121,0.0013292,-3.13963,0.825871,0.100711,-0.0484701,3.14121,0.0013292,-3.13963,0.796381,0.104337,-0.0572559,3.1407,0.00165219,3.13978,0.769841,0.0999853,-0.0700071,-3.14151,3.38071e-05,3.14155,0.739601,0.0998372,-0.0799745,-3.14135,-0.000189343,-3.14156,0.709026,0.0993608,-0.0897729,-3.14106,-0.000879949,-3.14107,0.604803,0.100159,-0.0999543,3.14141,-0.000289041,3.14144,
0.65,0.1,0.829971,-1.20111e-09,4.51854e-10,4.07774e-10,1.0091,0.045362,0.829461,0.000806489,-0.0928573,0.19812,0.809662,0.219956,0.140379,-3.1404,0.00239465,3.13831,0.809649,0.21995,0.14038,-3.14042,0.00236137,3.13831,0.745542,0.193318,0.102363,-3.14156,0.00984394,-3.13476,0.677148,0.1684,0.0642977,-3.14155,0.00865281,-3.13236,0.608056,0.144621,0.0262008,-3.14156,0.0056579,-3.13291,0.539658,0.120208,-0.0118699,-3.14156,0.00445437,-3.13182,0.471035,0.0966275,-0.0499606,-3.14158,0.00267315,-3.13288,0.471035,0.0966275,-0.0499606,-3.14158,0.00267315,-3.13288,0.501638,0.0962354,-0.0599493,-3.14157,0.00422884,-3.13187,0.532036,0.0964783,-0.0699524,-3.14157,0.00525882,-3.1325,0.562831,0.0962564,-0.079939,-3.14156,0.00731053,-3.13192,0.589821,0.100099,-0.0899626,3.14144,-0.000230702,3.14155,0.693521,0.0989149,-0.0995845,-3.14087,-0.00148729,-3.14056,
0.65,0.1,0.829971,-1.16056e-09,6.02913e-10,2.6767e-10,0.745482,0.341135,0.829543,-0.0743691,0.0195292,-0.133878,0.714963,0.287888,0.140032,-3.14143,0.00979652,-3.13486,0.714965,0.287864,0.140032,-3.14147,0.00979808,-3.13486,0.695979,0.214078,0.103066,3.13942,0.000782723,-3.13821,0.688715,0.141613,0.0641211,3.14155,0.00100554,3.14055,0.6753,0.0713924,0.0267728,3.14104,0.00474407,3.13766,0.662824,-0.00641722,-0.0120223,-3.14153,-9.02101e-06,3.14151,0.649139,-0.0797927,-0.0501683,-3.14131,0.000174367,3.14103,0.649139,-0.0797927,-0.0501682,-3.14131,0.00017452,3.14103,0.649324,-0.0498667,-0.0601378,-3.14136,3.55146e-05,3.1411,0.649435,-0.0199146,-0.0701142,-3.14139,-6.91715e-05,3.14115,0.649499,0.0100521,-0.0800969,-3.14142,-0.000150726,3.14119,0.64953,0.0400255,-0.0900854,-3.14144,-0.000216995,3.14123,0.649705,0.144954,-0.100039,-3.14151,-0.00025306,3.14143,
0.65,0.1,0.829971,-1.16291e-09,6.06968e-10,1.85478e-10,0.650051,-0.123059,0.826561,0.031925,9.25708e-07,0.0193483,0.712387,0.28956,0.140035,-3.14149,0.00329111,-3.13928,0.712387,0.28956,0.140035,-3.14149,0.00329111,-3.13928,0.69838,0.285446,0.103113,3.13967,0.000662665,-3.13743,0.687316,0.285929,0.0640612,3.14154,-3.66125e-05,3.14135,0.674361,0.284786,0.0262088,3.14126,-0.000251714,3.14045,0.660586,0.284842,-0.0114101,3.14043,-0.00102296,3.13828,0.645303,0.286844,-0.0486638,3.13858,-0.0031206,3.13436,0.645303,0.286844,-0.0486638,3.13858,-0.00312072,3.13436,0.645061,0.258379,-0.0583312,3.13794,-0.00268711,3.1327,0.649907,0.219974,-0.0700094,-3.14157,-9.96156e-05,3.14155,0.649859,0.189969,-0.0800164,-3.14155,-0.000143535,3.14152,0.649786,0.159966,-0.0900285,-3.14153,-0.000199819,3.14147,0.649481,0.0550356,-0.100102,-3.14144,-0.000261903,3.14116,
0.65,0.1,0.829971,-1.17777e-09,6.27475e-10,4.32639e-10,0.338341,0.116142,0.827495,0.049512,-0.00162739,1.58896,0.711051,0.290583,0.140061,-3.14146,3.42022e-05,3.14142,0.711051,0.290583,0.140061,-3.14146,3.42022e-05,3.14142,0.732651,0.252912,0.101089,3.13973,0.00136419,3.1371,0.758476,0.214262,0.0640504,3.14151,0.000159188,-3.14121,0.781517,0.175692,0.026096,3.14121,0.000715713,-3.13946,0.802922,0.136151,-0.0118276,3.14065,0.00198385,-3.13446,0.829317,0.100012,-0.0496158,-3.14154,2.82165e-05,-3.14109,0.829317,0.100012,-0.0496158,-3.14154,2.82165e-05,-3.14109,0.799802,0.100021,-0.0598342,-3.14156,7.00676e-05,-3.14145,0.764807,0.100378,-0.0678391,3.14158,0.00258158,-3.13302,0.735408,0.103634,-0.0766741,3.1415,0.00243165,-3.13765,0.70565,0.107995,-0.0853012,3.14047,0.00272758,3.13996,0.604091,0.0998705,-0.0999755,-3.14132,-0.00135223,3.1413,
0.65,0.1,0.829941,-1.16751e-09,6.18202e-10,3.83664e-10,0.967926,0.0878444,0.831084,-0.00149534,-0.129046,1.27082,0.702718,0.296176,0.139236,-3.13914,0.00233484,3.13601,0.702718,0.296176,0.139236,-3.13914,0.00233484,3.13601,0.656141,0.257008,0.101409,-3.14157,5.39442e-05,3.14148,0.609284,0.218783,0.0635609,-3.14154,0.00102237,3.13951,0.563066,0.178458,0.0257169,3.14159,-3.80457e-05,-3.14156,0.516235,0.139123,-0.0117993,3.14128,-0.000682819,-3.14094,0.467026,0.100593,-0.047677,3.13759,-0.00721232,-3.13637,0.467026,0.100593,-0.047677,3.13759,-0.00721232,-3.13637,0.497261,0.100081,-0.058401,3.13877,-0.00649898,-3.13871,0.528176,0.0997684,-0.0691632,3.14077,-0.00424655,-3.14058,0.558777,0.0997841,-0.0796406,-3.14159,-0.00258262,-3.14143,0.58916,0.09987,-0.0899045,-3.14138,-0.00144985,3.14141,0.694852,0.100037,-0.10004,-3.14158,8.03118e-05,3.14142,
0.65,0.1,0.82999,-1.12729e-09,6.10112e-10,2.04001e-11,0.708567,0.333101,0.825991,0.0200222,-2.40077e-10,0.0785295,0.589559,0.286843,0.14003,3.14159,0.00598518,-3.13371,0.589559,0.286843,0.14003,3.14159,0.00598518,-3.13371,0.595297,0.212789,0.101601,3.13878,0.00215212,3.14035,0.613463,0.140783,0.0640001,3.14156,0.000422819,-3.14144,0.624689,0.0699338,0.0264566,3.14143,0.00145113,-3.13932,0.637779,-0.00664442,-0.0119502,-3.14158,0.000220224,3.14156,0.649271,-0.0798856,-0.0495645,-3.14157,0.0014983,3.14154,0.649271,-0.0798856,-0.0495645,-3.14157,0.0014983,3.14154,0.649584,-0.049935,-0.0596615,-3.14159,0.00110775,3.14152,0.649764,-0.0199623,-0.0697361,3.14159,0.000815079,3.14152,0.649866,0.0100211,-0.0797923,3.14158,0.000602113,3.14152,0.649923,0.0400097,-0.0898337,3.14158,0.000451174,3.14153,0.649992,0.144993,-0.0999432,3.14159,0.000121098,3.14157,
0.65,0.1,0.82999,-1.1681e-09,6.43153e-10,1.08554e-10,0.632977,-0.15344,0.826176,-0.0238075,-6.64106e-10,-0.0133658,0.589171,0.287423,0.140194,-3.14157,0.00545337,-3.13503,0.589171,0.287425,0.140194,-3.14157,0.00545345,-3.13503,0.600109,0.286245,0.101581,3.13853,0.000992125,3.13961,0.613476,0.284439,0.0641246,3.14157,-1.17832e-05,-3.14151,0.625526,0.282875,0.0261254,3.14149,-5.18326e-05,-3.14113,0.637363,0.281133,-0.011784,3.14136,-0.000147106,-3.13999,0.648804,0.279014,-0.0495141,3.14124,-0.00032856,-3.13737,0.648804,0.279014,-0.0495141,3.14124,-0.000328697,-3.13737,0.648426,0.249211,-0.0593779,3.14139,-0.000214947,-3.13651,0.647886,0.219505,-0.0691284,-3.14158,-0.000130738,-3.13525,0.647172,0.189964,-0.0787112,-3.14129,-0.000103469,-3.13346,0.649997,0.159996,-0.0899617,3.14159,7.84905e-05,3.14158,0.649934,0.0550057,-0.0998352,3.14157,0.00043454,3.14153,
0.65,0.1,0.829971,-1.22094e-09,6.85899e-10,2.65213e-10,0.412516,0.0836892,0.828544,0.000712402,0.0730321,0.164458,0.587064,0.290468,0.140454,3.1415,0.00147199,3.14045,0.587064,0.290468,0.140454,3.1415,0.00147199,3.14045,0.635639,0.25236,0.10239,3.14154,2.26024e-05,-3.14149,0.684039,0.213978,0.0646626,3.14085,0.000291514,-3.13986,0.731677,0.174283,0.0278461,3.13841,0.00133588,-3.1328,0.781334,0.138201,-0.0116583,-3.14153,0.000167068,3.14154,0.828443,0.100405,-0.047914,-3.141,0.000252344,-3.14055,0.828443,0.100405,-0.047914,-3.141,0.000252322,-3.14055,0.799532,0.100307,-0.0587686,-3.14121,0.000501623,-3.14135,0.769861,0.100197,-0.0692224,-3.14135,0.000506549,-3.14155,0.739974,0.100111,-0.0794888,-3.14144,0.000444611,-3.14159,0.710007,0.10005,-0.0896616,-3.14151,0.000375997,3.14159,0.60085,0.109065,-0.0962793,-3.14122,0.000893298,-3.13836,
0.65,0.1,0.829971,-1.20706e-09,6.7497e-10,3.45807e-10,1.71471,-0.118712,0.057495,0.609526,-1.45826,-0.917385,0.587218,0.28995,0.140038,3.14158,0.00019029,3.14144,0.587226,0.289952,0.140036,-3.14158,0.000203156,3.14144,0.559926,0.251031,0.103844,3.13869,-0.000550341,-3.13497,0.540272,0.214413,0.0639532,3.1414,0.000474317,3.14064,0.516773,0.178255,0.0255856,3.14035,0.00269166,3.13698,0.49341,0.137988,-0.0119512,3.14159,-9.89049e-05,-3.14158,0.469764,0.100013,-0.0497489,3.14153,-0.000698068,-3.14154,0.469764,0.100013,-0.0497489,3.14153,-0.000698068,-3.14154,0.499778,0.100009,-0.0598999,-3.14155,-0.000493996,3.14149,0.529806,0.0999997,-0.0699835,-3.14154,-0.000299273,3.14147,0.559841,0.0999921,-0.080024,-3.14157,-0.000132982,3.14148,0.586764,0.109964,-0.0868967,3.14086,0.00189383,3.13999,0.695007,0.100023,-0.0997117,-3.14154,0.000370931,3.14159,
0.65,0.1,0.829971,-1.15531e-09,6.19033e-10,-6.8225e-11,0.783308,0.326973,0.828895,0.0426669,0.0369847,0.0518057,0.488316,0.213025,0.140037,-3.14158,0.00232747,-3.13271,0.488315,0.213025,0.140036,-3.14158,0.00232582,-3.13271,0.52064,0.154427,0.10206,3.14153,2.32406e-05,-3.14141,0.552813,0.0958232,0.0645472,3.14079,0.000188296,-3.13877,0.585335,0.0372274,0.0260496,-3.14158,0.000115492,3.14157,0.61774,-0.0212369,-0.0116032,-3.14147,0.000914372,3.14149,0.650292,-0.0791837,-0.0475577,-3.14073,0.003991,3.14154,0.650292,-0.0791837,-0.0475577,-3.14073,0.00399087,3.14154,0.650404,-0.049226,-0.0581139,-3.14112,0.00342739,3.14134,0.650422,-0.0192917,-0.0685064,-3.14144,0.00293434,3.1413,0.650403,0.0106302,-0.0787716,3.14148,0.00252827,3.14134,0.650377,0.0405492,-0.088939,3.14128,0.00221023,3.14142,0.650185,0.145264,-0.0994057,3.14101,0.00108156,-3.14155,
0.65,0.1,0.829971,-1.17045e-09,6.30305e-10,1.26798e-10,0.635325,-0.101726,0.826801,-7.67348e-09,-0.0367043,0.0655603,0.488427,0.212623,0.14005,-3.14158,0.00261825,-3.13167,0.488427,0.212623,0.14005,-3.14158,0.00261825,-3.13167,0.518898,0.230114,0.0995087,3.13722,0.00139712,3.13341,0.552778,0.239371,0.0642713,3.14127,-0.000617121,-3.141,0.584003,0.251913,0.0270913,3.14011,-0.00305049,-3.13829,0.617679,0.26656,-0.0119544,3.1415,2.64333e-05,3.14156,0.649977,0.280187,-0.0497668,3.14111,0.000144773,3.14141,0.649977,0.280187,-0.0497668,3.14111,0.000144788,3.14141,0.650002,0.250161,-0.0597528,3.1411,0.000246337,3.14151,0.650028,0.220157,-0.0697189,3.14109,0.00037189,3.14157,0.650063,0.190175,-0.0796553,3.14106,0.000547651,-3.14158,0.650118,0.160218,-0.0895452,3.14104,0.000809145,-3.14156,0.650413,0.0555356,-0.0988934,3.14119,0.0022477,3.14149,
0.65,0.1,0.829971,-1.1465e-09,6.08809e-10,4.31237e-10,0.510181,0.0799564,0.825,3.98385e-06,-1.71756e-09,0.121771,0.488209,0.213453,0.140023,-3.14158,0.00205027,-3.13383,0.488209,0.213453,0.140023,-3.14158,0.00205027,-3.13383,0.556465,0.190761,0.102164,3.14136,-0.000174554,-3.14139,0.623485,0.167771,0.0660584,3.13824,-0.00266286,-3.13827,0.693253,0.14551,0.0260766,3.14123,0.000241398,3.14148,0.761319,0.12409,-0.0110894,3.13906,0.00155874,3.14028,0.826451,0.109369,-0.0426743,3.13275,0.00343522,3.13382,0.826451,0.109369,-0.0426746,3.13275,0.00343509,3.13382,0.79842,0.105662,-0.0552762,3.1347,0.00419719,3.1371,0.769389,0.103444,-0.066778,3.13662,0.00408881,3.13912,0.73991,0.102091,-0.0777105,3.13828,0.00359264,3.14034,0.710188,0.101256,-0.0883251,3.13956,0.00296425,3.14105,0.605166,0.100104,-0.0996494,3.14145,0.000763798,-3.14156,
0.65,0.1,0.829971,-1.16513e-09,6.25655e-10,-8.47728e-11,1.05142,0.0494099,0.834362,-3.08154e-07,0.21123,-0.0322024,0.488363,0.212872,0.14004,-3.14157,0.00244907,-3.13232,0.488363,0.212872,0.14004,-3.14157,0.00244907,-3.13232,0.482324,0.18993,0.102499,3.13761,0.000890562,-3.13952,0.480992,0.167894,0.0639618,3.14159,8.57147e-05,3.14136,0.477232,0.146006,0.0257877,3.14152,0.000441703,3.14063,0.473374,0.125193,-0.0124224,3.14125,0.00127764,3.13929,0.469408,0.106071,-0.0503333,3.14073,0.00250288,3.13779,0.469408,0.106071,-0.0503333,3.14073,0.00250288,3.13779,0.498514,0.104062,-0.0593682,-3.14117,-0.000384728,-3.13917,0.530002,0.0999887,-0.0699772,3.14159,9.60696e-05,-3.14159,0.560041,0.100007,-0.0799182,3.14157,0.000229793,-3.14158,0.590102,0.100056,-0.0897912,3.14152,0.000485554,-3.14157,0.695318,0.101017,-0.0984146,3.14,0.00284108,3.14128,
0.65,0.1,0.829971,-1.16019e-09,5.27452e-10,4.20597e-10,0.74835,0.338813,0.825853,-0.017409,4.5088e-06,0.207781,0.450028,0.0985757,0.139788,-3.14152,0.000337116,3.14094,0.450028,0.0985757,0.139788,-3.14152,0.000337116,3.14094,0.489992,0.0628664,0.101889,3.1415,-7.49004e-05,-3.14151,0.529573,0.0271645,0.0647418,3.14024,-0.00121087,-3.14019,0.567843,-0.00895953,0.0299515,3.13535,-0.00588091,-3.13414,0.610033,-0.0441005,-0.0118982,3.14115,0.000528156,-3.14157,0.650216,-0.0789209,-0.0489739,3.1397,0.00252759,3.14146,0.650216,-0.0789209,-0.0489739,3.1397,0.00252766,3.14146,0.650222,-0.0490759,-0.0590282,3.13957,0.00223362,-3.14154,0.650239,-0.019209,-0.0690264,3.13954,0.00197972,-3.14141,0.650264,0.0106802,-0.0789888,3.1396,0.00176127,-3.14134,0.650289,0.0405907,-0.0889278,3.13972,0.00157122,-3.14133,0.650175,0.145443,-0.0990438,3.14044,0.00064171,3.14135,
0.65,0.1,0.829971,-1.19206e-09,6.01903e-10,3.72586e-10,0.645345,-0.0698586,0.827244,-0.0459585,7.33495e-09,0.0348961,0.449826,0.094904,0.140033,-3.14159,-0.000475382,-3.13279,0.449826,0.0949043,0.140033,3.14159,-0.000475594,-3.13279,0.486107,0.136829,0.100484,3.13746,0.000599833,3.13662,0.529558,0.16864,0.0641661,3.14147,-0.000255055,-3.14119,0.568036,0.203782,0.0268431,3.14094,-0.00185323,-3.13853,0.60991,0.243101,-0.0119548,3.14152,-6.97564e-05,3.14143,0.649627,0.280688,-0.0496076,3.14114,-0.000511793,3.14063,0.649627,0.280688,-0.0496076,3.14114,-0.000511786,3.14063,0.649765,0.250633,-0.0595277,3.14102,-0.000340165,3.14066,0.649881,0.220581,-0.0694317,3.14089,-0.000145158,3.14075,0.649984,0.190537,-0.0793107,3.14072,7.77871e-05,3.1409,0.650084,0.160503,-0.0891531,3.14052,0.0003449,3.1411,0.650353,0.0556075,-0.0986772,3.13959,0.00150288,-3.14133,
0.65,0.1,0.829971,-1.19824e-09,6.17955e-10,3.53526e-10,0.519617,0.0898492,0.825,-8.582e-10,-2.28784e-06,0.171941,0.449863,0.0956283,0.140014,3.14159,-0.000378001,-3.13466,0.449863,0.0956283,0.140014,3.14159,-0.000378001,-3.13466,0.525598,0.0964955,0.102173,3.14138,-0.000548585,-3.14148,0.597624,0.0968329,0.0661132,3.13835,-0.00829608,-3.13911,0.67804,0.0988302,0.0263187,3.14056,0.000466229,3.1408,0.754223,0.104411,-0.00876318,3.13402,0.00256751,3.13502,0.828794,0.100478,-0.0503256,-3.14096,-0.000677521,3.13989,0.828794,0.100478,-0.0503256,-3.14096,-0.000677515,3.13989,0.79961,0.100173,-0.0601177,-3.14139,-0.000284682,3.14097,0.769863,0.100067,-0.0700458,-3.14154,-9.63966e-05,3.14135,0.740407,0.105412,-0.0745599,3.13225,0.00323933,3.13694,0.710457,0.102698,-0.0865157,3.13592,0.00239315,3.13976,0.605122,0.100106,-0.0996113,3.14117,0.00041043,-3.14151,
0.65,0.1,0.829971,-1.19261e-09,5.96073e-10,-6.31254e-11,0.907383,0.0830207,0.826656,-1.01102e-08,-0.0338726,-0.0318316,0.449835,0.0950813,0.140028,3.14159,-0.000451512,-3.13325,0.449835,0.0950813,0.140028,3.14159,-0.000451512,-3.13325,0.452089,0.0960019,0.102328,3.13748,0.000635379,-3.14026,0.457897,0.0971581,0.0639747,-3.14159,4.87511e-05,3.14149,0.46188,0.0985821,0.025843,3.14156,0.000210704,3.14117,0.465708,0.100698,-0.0123654,3.14146,0.000521531,3.14063,0.469175,0.103917,-0.050509,3.14132,0.000871011,3.14017,0.469175,0.103917,-0.050509,3.14132,0.000871011,3.14017,0.498748,0.102086,-0.0598203,-3.14126,-0.000953601,-3.13892,0.527532,0.100004,-0.0688194,-3.14135,-0.00484889,-3.13356,0.560029,0.100013,-0.0799311,3.14154,0.00010536,-3.14157,0.59007,0.100061,-0.0897876,3.14136,0.000242074,-3.14154,0.695479,0.101858,-0.0970339,3.13721,0.00211695,3.14066,
0.65,0.1,0.829971,-1.22227e-09,5.09896e-10,1.22528e-10,0.76567,0.344138,0.827014,-0.035069,-0.00585125,-0.34903,0.489349,-0.0189645,0.139949,3.14146,-2.10357e-05,-3.14099,0.489349,-0.0189645,0.139949,3.14146,-2.10357e-05,-3.14099,0.522263,-0.0273239,0.0996526,3.13811,0.00607082,3.13532,0.553361,-0.0434026,0.0641538,3.14128,-0.00062754,-3.14142,0.584402,-0.0558376,0.0268198,3.14014,-0.00316716,-3.14044,0.613439,-0.0690383,-0.00968715,3.13729,-0.00987705,-3.13715,0.650037,-0.0798695,-0.0498477,3.14132,0.000135497,3.14152,0.650037,-0.0798694,-0.0498476,3.14132,0.00013554,3.14152,0.650029,-0.0498871,-0.05986,3.14137,9.87093e-05,3.14151,0.650021,-0.019899,-0.0698702,3.14143,6.74953e-05,3.1415,0.650014,0.0100916,-0.0798781,3.14148,4.25164e-05,3.14149,0.650008,0.0400817,-0.0898827,3.14152,2.77984e-05,3.1415,0.649976,0.145021,-0.0999328,-3.14159,7.76876e-05,3.14159,
0.65,0.1,0.829971,-1.22432e-09,4.98547e-10,2.72592e-10,0.600862,-0.207875,0.827551,0.0526896,6.41983e-05,-0.271053,0.489336,-0.0219988,0.140005,-3.14155,-0.000162278,-3.13435,0.489336,-0.0219988,0.140005,-3.14155,-0.000162278,-3.13435,0.515096,0.0389743,0.103061,3.13872,-0.0011256,-3.1385,0.553628,0.0997703,0.0637951,3.14152,0.000679375,3.14056,0.585265,0.163183,0.0253878,3.14114,0.00275436,3.13741,0.615268,0.228886,-0.0125301,3.14008,0.00713195,3.13176,0.649724,0.27976,-0.0499803,-3.14155,-0.00018246,-3.1415,0.649724,0.27976,-0.0499803,-3.14155,-0.00018246,-3.1415,0.649837,0.249874,-0.0599963,-3.14155,-2.07329e-05,-3.14156,0.649906,0.219942,-0.0699921,-3.14156,5.31311e-05,-3.14157,0.644712,0.19207,-0.0769837,3.14139,0.00730505,-3.13737,0.644088,0.159299,-0.0871318,-3.14117,0.00353444,-3.13294,0.650001,0.0550993,-0.0998691,3.14153,1.35843e-05,3.14148,
0.65,0.1,0.829971,-1.22442e-09,4.88428e-10,-2.53988e-12,0.392369,0.100942,0.824991,-5.96477e-07,4.27809e-06,0.0108266,0.489282,-0.0227957,0.140028,3.14152,-0.000271195,-3.13227,0.489323,-0.022801,0.140023,-3.14154,-0.000199245,-3.13228,0.557302,0.00173632,0.102056,3.14155,-0.000155235,-3.14156,0.623544,0.0256432,0.0644511,3.14093,-0.00265831,-3.14077,0.693711,0.0510376,0.0260711,3.14148,5.2023e-05,3.14136,0.761569,0.0769428,-0.0111819,3.14057,0.000218745,3.1395,0.829802,0.100133,-0.0500621,-3.14153,6.56647e-05,3.14126,0.829802,0.100133,-0.0500621,-3.14153,6.56647e-05,3.14126,0.798225,0.104647,-0.0565539,3.13843,-0.000432689,3.13565,0.769187,0.102466,-0.068128,3.13989,-0.000335141,3.13842,0.739619,0.101236,-0.0790196,3.14077,-0.000255414,3.14002,0.709832,0.100572,-0.0895068,3.14126,-0.000157591,3.1409,0.601341,0.10378,-0.0983044,-3.1411,0.00161785,-3.13714,
0.65,0.1,0.829971,-1.22617e-09,6.18372e-10,-6.61701e-12,1.59195,-0.056615,0.0821591,2.74831,-0.707164,-2.88726,0.489302,-0.0224963,0.140019,3.14157,-0.000229471,-3.13305,0.489302,-0.0224963,0.140019,3.14157,-0.000229471,-3.13305,0.482254,0.000681678,0.103558,3.1386,-0.00214021,-3.13705,0.48157,0.0268957,0.0639722,3.14148,4.29986e-05,3.14115,0.477478,0.0530632,0.0257967,3.14095,-8.79026e-06,3.13935,0.472594,0.0820878,-0.0126876,3.1394,-0.000896275,3.13482,0.469745,0.0999201,-0.0499541,-3.14159,-0.000351545,-3.14151,0.469745,0.0999201,-0.0499541,-3.14159,-0.000351541,-3.14151,0.499792,0.0999355,-0.0599786,-3.14159,-0.000252328,-3.14156,0.529846,0.099951,-0.0699956,-3.14159,-0.000153455,-3.14159,0.557695,0.109309,-0.0795679,3.14045,0.00205744,3.13733,0.587297,0.105614,-0.088833,3.14157,0.00236104,-3.14056,0.694897,0.100383,-0.0996232,3.14139,-0.000106637,3.14116,
0.65,0.1,0.829971,-1.24744e-09,5.72275e-10,1.13186e-10,0.81533,0.378903,0.837386,-0.0570928,0.219318,0.351498,0.590114,-0.0909236,0.140019,3.14145,-0.000375934,-3.14156,0.590135,-0.0909499,0.140017,3.14149,-0.000312941,-3.14153,0.601054,-0.0881713,0.10181,3.13947,0.000738833,3.1413,0.609801,-0.0844377,0.0633178,3.13304,0.0027801,3.14056,0.625892,-0.0842848,0.026019,3.14156,-4.85329e-05,-3.14142,0.637499,-0.0819778,-0.0119211,3.14151,-0.000204398,-3.14095,0.648641,-0.0796431,-0.04973,3.14148,-0.000596719,-3.13977,0.648641,-0.079643,-0.0497298,3.14148,-0.000596499,-3.13977,0.648697,-0.0486459,-0.0593779,3.14152,0.000242406,-3.1405,0.648556,-0.0169589,-0.0687639,3.14131,0.000944436,3.14146,0.648087,0.0156852,-0.0778764,3.14084,0.0012873,3.13952,0.647081,0.0495704,-0.0867357,3.14007,0.000944351,3.13674,0.64914,0.144779,-0.100087,3.14156,-0.00053133,3.14135,
0.65,0.1,0.829971,-1.25155e-09,5.58231e-10,-8.52012e-11,0.648679,-0.108108,0.827403,-0.0492868,-5.00901e-10,-0.0225749,0.590376,-0.0908711,0.140031,-3.14154,5.92909e-05,3.14159,0.590376,-0.0908711,0.140031,-3.14154,5.92909e-05,3.14159,0.593807,-0.0193545,0.104613,3.14002,-0.00160441,-3.13374,0.613998,0.0596854,0.063875,3.14145,0.000418777,3.13973,0.626062,0.131616,0.0260227,-3.14159,-8.8118e-05,-3.14158,0.637275,0.205353,-0.0118883,3.14157,-0.00086782,-3.14119,0.645673,0.276615,-0.0494521,3.14127,-0.00476736,-3.13794,0.645673,0.276615,-0.0494521,3.14127,-0.00476736,-3.13794,0.647045,0.247866,-0.0597014,3.14155,-0.00309586,-3.13955,0.64796,0.218703,-0.0698637,-3.14157,-0.00198755,-3.14058,0.64858,0.189248,-0.0799655,-3.14157,-0.0012426,-3.14122,0.649005,0.159594,-0.0900255,-3.14159,-0.000738993,-3.14158,0.649834,0.0550089,-0.100035,-3.14159,3.57326e-06,3.14146,
0.65,0.1,0.829971,-1.25487e-09,5.45102e-10,2.98075e-10,0.34286,0.131238,0.831973,0.0397577,0.106811,1.12656,0.590523,-0.0912062,0.140011,-3.14155,0.000246556,-3.14078,0.590525,-0.0912045,0.140011,-3.14155,0.000247548,-3.14078,0.636574,-0.0485066,0.101151,3.13935,0.00245719,3.13875,0.68584,-0.014847,0.0640477,3.14153,-4.23446e-05,-3.14127,0.731569,0.0223784,0.026264,3.14124,-0.000467239,-3.13953,0.773231,0.056541,-0.0111895,3.14049,-0.00204755,-3.13391,0.828396,0.100731,-0.0492407,3.14142,4.11633e-05,-3.1415,0.828396,0.100731,-0.0492407,3.14142,4.11678e-05,-3.1415,0.799484,0.100309,-0.059681,3.14159,6.44354e-05,-3.14151,0.769804,0.100131,-0.0698708,-3.14156,9.23383e-05,-3.14154,0.734354,0.100765,-0.0756928,3.14135,0.00596818,-3.13576,0.705442,0.1072,-0.0851824,3.14078,0.00554516,-3.14149,0.604102,0.0996611,-0.0999414,3.14153,-0.000784797,-3.14142,
0.65,0.1,0.82999,-1.2569e-09,5.39111e-10,-1.34333e-11,0.904341,0.0225789,0.825623,-0.00818884,0.00432102,0.378654,0.591559,-0.0947602,0.140018,3.14159,0.00289189,-3.13173,0.591559,-0.0947602,0.140018,3.14159,0.00289189,-3.13173,0.567664,-0.0576261,0.102068,-3.14156,0.00107891,-3.13677,0.542879,-0.016351,0.0641477,3.14159,-2.09682e-05,-3.14105,0.517644,0.0275967,0.0256992,3.14058,-0.00161696,3.13628,0.494047,0.0609177,-0.0118935,3.14154,-0.000337545,-3.14137,0.467826,0.0986741,-0.0492227,3.14135,-0.00319107,-3.13885,0.467826,0.0986741,-0.0492227,3.14135,-0.00319107,-3.13885,0.498023,0.0989627,-0.0594205,3.14143,-0.00298272,-3.13963,0.528453,0.0991599,-0.0695723,3.14147,-0.0021156,-3.14023,0.558788,0.0993833,-0.0797329,3.1415,-0.00146383,-3.14078,0.589058,0.0995889,-0.0898758,3.14153,-0.00095754,-3.14123,0.694813,0.100022,-0.100036,-3.14157,0.000101167,3.14142,
0.65,0.1,0.829971,-1.28683e-09,5.1871e-10,3.53906e-10,0.678165,0.266023,0.825269,-0.00558004,3.22411e-09,0.193782,0.713447,-0.0890163,0.139874,-3.14134,0.000246858,3.14149,0.713447,-0.0890163,0.139874,-3.14134,0.000246858,3.14149,0.697614,-0.0882435,0.102922,3.14031,-0.00224016,-3.13664,0.688032,-0.0850332,0.0640917,3.14154,0.00018924,3.1413,0.675285,-0.0819123,0.0267008,3.14128,0.00076626,3.14022,0.662551,-0.0769547,-0.00992146,3.14048,0.00182397,3.1376,0.649918,-0.0799407,-0.0500325,-3.14156,3.10262e-05,3.14145,0.649918,-0.0799407,-0.0500325,-3.14156,3.10262e-05,3.14145,0.649822,-0.0499163,-0.0600483,-3.14154,-1.25742e-05,3.14135,0.649624,-0.0199095,-0.0700596,-3.14151,-0.000159211,3.14124,0.649235,0.010023,-0.0800453,-3.14147,-0.000536292,3.14117,0.648492,0.0397484,-0.0899579,-3.14143,-0.00137954,3.14137,0.649985,0.145129,-0.099934,3.14148,7.37817e-06,3.14141,
0.65,0.1,0.829971,-1.29345e-09,5.04539e-10,3.54893e-10,0.644821,-0.184078,0.825165,0.00330467,-7.1199e-10,0.109925,0.713702,-0.0883307,0.14007,3.14157,0.0018038,3.14034,0.713708,-0.0883173,0.14007,-3.14159,0.00180276,3.14034,0.700878,-0.0142299,0.102091,-3.14152,0.00032223,3.14135,0.686565,0.0634528,0.0648228,-3.13974,0.000649625,3.14082,0.675255,0.132571,0.0260561,3.14154,0.000311138,3.14148,0.660885,0.203367,-0.0108495,3.14064,0.00178045,-3.13853,0.649392,0.280565,-0.0497359,3.14159,-0.000640043,3.14141,0.649392,0.280565,-0.0497359,3.14159,-0.000640043,3.14141,0.649333,0.250752,-0.0597248,3.14141,-0.000783677,3.14107,0.649702,0.220449,-0.069855,3.14142,-0.000342712,3.14118,0.64987,0.190265,-0.0799164,3.14146,-0.000142586,3.14131,0.649946,0.160162,-0.0899467,3.14149,-5.31862e-05,3.14139,0.647614,0.0538661,-0.0995545,-3.14135,-0.00268113,-3.14047,
0.65,0.1,0.829971,-1.29997e-09,4.93461e-10,-1.06801e-11,0.485747,0.0811191,0.825196,-1.22228e-09,-0.00393453,-0.138618,0.714133,-0.0886426,0.139979,-3.1415,0.00103164,3.14073,0.714133,-0.0886426,0.139979,-3.1415,0.00103164,3.14073,0.734826,-0.0505063,0.102101,3.14056,-0.000279234,-3.14047,0.750575,-0.0120063,0.0646108,3.13748,-0.00101236,-3.1369,0.782613,0.0252733,0.0263967,3.1415,0.000807845,-3.14159,0.803572,0.0636949,-0.0105448,3.14129,0.00217552,-3.14096,0.822375,0.101387,-0.0460824,3.14099,0.00473868,-3.13859,0.822374,0.101389,-0.0460805,3.14099,0.00474062,-3.13859,0.794123,0.106613,-0.0548012,3.14063,0.00437273,3.13975,0.769712,0.100044,-0.0700328,-3.1415,0.000143465,3.14137,0.739469,0.0999281,-0.080036,-3.14143,-5.84063e-05,3.14136,0.708864,0.0995338,-0.0899209,-3.14131,-0.000728478,-3.14145,0.604912,0.10015,-0.0999612,3.14152,-0.000114897,3.14145,
0.65,0.1,0.829971,-1.31682e-09,4.56738e-10,5.35644e-11,0.876864,0.0545255,0.825397,-0.00174585,-0.00640478,0.272889,0.714303,-0.0853665,0.142147,-3.1396,0.00442114,3.13954,0.714303,-0.0853665,0.142147,-3.1396,0.00442114,3.13954,0.667765,-0.0519661,0.103771,-3.14156,0.00599652,-3.1321,0.618156,-0.0146122,0.0653293,-3.14157,0.00406265,-3.13283,0.568936,0.0225165,0.0268974,-3.14158,0.00313703,-3.13297,0.519851,0.0597446,-0.0115357,-3.14158,0.00255651,-3.13337,0.471005,0.0967222,-0.0499628,-3.14158,0.00259583,-3.13313,0.471005,0.0967222,-0.0499628,-3.14158,0.00259583,-3.13313,0.50148,0.0965869,-0.0599583,-3.14157,0.00382258,-3.13278,0.532064,0.0964324,-0.0699511,-3.14157,0.00532943,-3.13238,0.562225,0.09676,-0.079792,3.14157,0.0060248,-3.13292,0.589905,0.10003,-0.089967,3.14159,-9.84387e-05,-3.14149,0.693287,0.098845,-0.0995933,-3.14115,-0.00166726,-3.14041,
0.65,0.1,0.829971,-1.2659e-09,6.14691e-10,2.10943e-10,0.654501,0.283147,0.826938,-0.0395564,-1.33665e-06,-0.0479484,0.810543,-0.0134885,0.139695,3.1415,0.000714171,3.14122,0.810543,-0.0134885,0.139695,3.1415,0.000714171,3.14122,0.776448,-0.0244675,0.102186,-3.14145,0.0020677,3.14085,0.745762,-0.0396086,0.0638247,-3.14129,0.000731667,3.14151,0.712741,-0.0504457,0.0254519,-3.13995,0.00497975,3.1392,0.676191,-0.0670104,-0.0117926,-3.1363,0.00477913,-3.13814,0.649864,-0.0790464,-0.0496695,3.14083,8.38977e-05,3.1406,0.649864,-0.0790468,-0.0496697,3.14083,8.36533e-05,3.1406,0.649763,-0.0487016,-0.059531,3.14035,0.00025782,3.14026,0.649644,-0.0182576,-0.0693267,3.13981,0.000476209,3.13982,0.649523,0.0122715,-0.0790204,3.13928,0.000704173,3.1393,0.649441,0.0428224,-0.0885556,3.13886,0.000937901,3.13878,0.649467,0.148057,-0.0970741,3.13942,0.000985241,3.13867,
0.65,0.1,0.829971,-1.31393e-09,5.41733e-10,2.69536e-10,0.650604,-0.130291,0.825001,5.08237e-06,-1.14761e-05,0.11496,0.81219,-0.0149154,0.139678,3.14108,2.34667e-05,3.1415,0.81219,-0.0149154,0.139678,3.14108,2.34667e-05,3.1415,0.779212,0.0454829,0.101831,-3.14128,0.00114257,3.14035,0.746945,0.103199,0.0639319,3.14127,0.000717106,3.14111,0.712739,0.16347,0.0252237,-3.13706,0.00539238,-3.13875,0.681655,0.221957,-0.0118152,3.14113,-0.000743052,3.1407,0.641414,0.283783,-0.0461882,3.14039,-0.00755887,-3.13299,0.641414,0.283783,-0.0461882,3.14039,-0.00755887,-3.13299,0.649966,0.250014,-0.0599891,3.14148,7.43497e-05,3.1415,0.649959,0.220009,-0.069983,3.14152,2.25293e-05,3.14153,0.644933,0.197165,-0.0755202,3.14056,-0.00852282,3.13492,0.646927,0.166609,-0.0848506,3.14015,-0.00487083,3.13471,0.648765,0.0605072,-0.0956849,3.13876,-0.00016813,3.1364,
0.65,0.1,0.829971,-1.32238e-09,5.14904e-10,1.24557e-10,0.409295,0.117819,0.825001,-2.19057e-06,1.24028e-05,0.560731,0.809317,-0.011039,0.139665,3.14094,0.00339968,3.13615,0.809309,-0.0110723,0.139664,3.14089,0.00341448,3.13615,0.80959,0.0104352,0.102219,3.14111,-0.00104713,-3.13699,0.816624,0.0343673,0.0641054,3.14149,0.000410337,3.14112,0.818679,0.0591154,0.0273028,3.14126,0.00154916,3.13972,0.81937,0.0862474,-0.00803612,3.14078,0.00361608,3.13676,0.828583,0.100073,-0.0499653,-3.14133,0.000527619,3.14138,0.828583,0.100073,-0.0499653,-3.14133,0.000527619,3.14138,0.796872,0.098877,-0.0597662,-3.14012,0.000425003,-3.14088,0.764276,0.0979809,-0.0691273,-3.13922,0.00341681,-3.14145,0.736629,0.103262,-0.0786266,3.13856,-0.00429696,3.13875,0.70667,0.103002,-0.0885517,3.13819,-0.00398489,3.13865,0.60324,0.102341,-0.0989897,3.14063,-0.00292361,3.13912,
0.65,0.1,0.829902,-1.33535e-09,5.04152e-10,3.71875e-10,0.98685,0.0515076,0.827522,2.0426e-07,0.0519836,0.363445,0.811541,-0.0145102,0.139496,3.14142,0.00010159,3.14149,0.811541,-0.0145102,0.139496,3.14142,0.00010159,3.14149,0.742098,0.0127715,0.102746,-3.13991,0.000710984,3.13968,0.674888,0.0314238,0.0639146,3.14152,0.000601833,3.14149,0.606579,0.0542884,0.0258045,3.14158,-5.44661e-05,3.14154,0.539771,0.073374,-0.0120514,-3.14157,0.00377566,-3.13197,0.471074,0.0965056,-0.0499577,-3.14158,0.00277301,-3.13257,0.471074,0.0965051,-0.0499577,-3.14158,0.00277336,-3.13256,0.501575,0.0963751,-0.059953,-3.14157,0.00406715,-3.13223,0.532186,0.0962284,-0.0699453,-3.14156,0.00564413,-3.13185,0.562874,0.0962014,-0.0799372,-3.14155,0.00742195,-3.13178,0.591821,0.0988777,-0.0868807,-3.13939,0.00434294,-3.13213,0.691625,0.105408,-0.0973018,3.13665,-0.00245527,3.13598,
